{"params": {"_type": "histogram", "values": [4, 2, 2, 9, 6, 9, 16, 11, 21, 29, 33, 31, 42, 47, 1083, 1269, 36, 37, 40, 25, 26, 19, 15, 14, 11, 4, 1, 3, 4, 1, 2, 2], "bins": [-2.721543650368684, -2.54455016051671, -2.367556670664736, -2.190563180812762, -2.0135696909607885, -1.8365762011088145, -1.6595827112568404, -1.4825892214048666, -1.3055957315528928, -1.128602241700919, -0.9516087518489451, -0.7746152619969711, -0.597621772144997, -0.4206282822930234, -0.24363479244104935, -0.06664130258907575, 0.1103521872628983, 0.28734567711487236, 0.46433916696684596, 0.64133265681882, 0.8183261466707936, 0.9953196365227677, 1.1723131263747417, 1.3493066162267153, 1.5263001060786898, 1.7032935959306634, 1.880287085782637, 2.0572805756346106, 2.234274065486585, 2.4112675553385587, 2.5882610451905324, 2.765254535042507, 2.94224802489448]}, "gradient": {"_type": "histogram", "values": [2, 0, 5, 9, 2330, 294, 75, 52, 24, 16, 11, 6, 7, 2, 2, 1, 5, 1, 4, 2, 3, 0, 0, 1, 0, 0, 0, 0, 0, 0, 1, 1], "bins": [-1872328.1323987255, -1461327.7644777885, -1050327.3965568512, -639327.028635914, -228326.66071497696, 182673.70720596006, 593674.0751268975, 1004674.4430478346, 1415674.8109687716, 1826675.1788897086, 2237675.5468106456, 2648675.9147315826, 3059676.2826525206, 3470676.6505734576, 3881677.0184943946, 4292677.386415332, 4703677.754336269, 5114678.122257206, 5525678.490178143, 5936678.85809908, 6347679.226020017, 6758679.593940954, 7169679.961861891, 7580680.329782828, 7991680.697703767, 8402681.065624703, 8813681.433545642, 9224681.801466577, 9635682.169387516, 10046682.53730845, 10457682.90522939, 10868683.273150325, 11279683.641071262]}, "elbo_value": -54359227.87869297, "grad_mag": 36043076.468488984, "_timestamp": 1647357850, "_runtime": 156, "_step": 100}